ID,Image,Title,Category,Domain,Matching,Description,Documentation,Date,Condition,Creator,Materials,Origin
4,0004.JPG,Stéthoscope monoaural,Diagnostic,,40,,,20e s.,Bon,Sans marque,,
5,0005.JPG,Stéthoscope,Diagnostic,,40,,,,,,,
6,0006.JPG,Cisaille à plâtre,"Orthopédie, traumatologie",,457,,,XXème s.,,Hausmann,,"Dr Eric Rochat, St-Légier"
7,0007.JPG,Ophtalmoscope du prof. Marc Amsler,Ophtalmologie,Ophtalmologie,3015,Ophtalmoscope du prof. Marc Amsler,,20e s.,moyen,,,"Mme Anne Egli-Décombaz, Zurich"
10,0010.JPG,Stéthoscope monoaural,Diagnostic,,40,,,20e s.,Bon,Sans marque,,
20,0020.JPG,couteau,Chirurgie générale,Chirurgie,450,grand couteau en métal de la marque Collin. Dans un étui noir.,,,assez bon,Collin,,
27,0027.JPG,Seringue,Chirurgie générale,,450,Seringue en verre. 2 embouts. 1 aiguille. Etui. Inscription sur le couvercle de l’étui “Patent”.,,,moyen.,,,
28,0028.JPG,Tensiomètre,Diagnostic,,40,Tensiomètre manuel avec étui.,,,bon.,,,
47,0047.JPG,Instruments de chirurgie ophtalmique,Ophtalmologie,Ophtalmologie,3015,6 instruments de chirurgie ophtalmique dans leur coffret tendu de velours.,,Première moitié du 20e s.,bon,"Weiss, London",,"Dr Henri Smolik, Veytaux/Montreux"
50,0050.JPG,Instruments de chirurgie ophtalmique,Ophtalmologie,Ophtalmologie,3015,"Un instrument complet et deux têtes. Inscrit sur le coffret: Down Bros. 21, Saint Thomas’s St. London SE. Indique probablement le lieu de vente (Alors que l’instrument complet porte la mention “Weiss”)",,20e s.,moyen,,,"Dr Henri Smolik, Veytaux/Montreux"
52,0052.JPG,Instruments de chirurgie ophtalmique,Ophtalmologie,Ophtalmologie,3015,"Set de 12 instrumentsde chirurgie de l’oeil en métal, presque tous de la marque Weiss ou Weiss London. L’étui porte l’inscription: John Weiss & son, 287 Oxford St. London.",,20e s.,moyen,"Weiss & Son, Oxford st. London.",,
53,0053.JPG,instruments de chirurgie ophtalmique,Ophtalmologie,Ophtalmologie,3015,"4 instruments de chirurgie ophtalmique dans une boîte noire, tendue de velours bleu nuit. Sceau doré “82 Oxford street, London. J. Weiss & Son”. Belle couronne de laurier sur le bouton à pression qui referme le coffret.",,20e s.,bon,"Weiss & Son Ltd, Oxford St., London",,"Dr Henri Smolik, Veytaux/Montreux"
55,0055.JPG,Aiguille de Reverdin avec roulette,Chirurgie générale,,450,,,,,walter,,
63,0063.JPG,Cylindre,Soins techniques,Soins techniques,72,Cylindre en inox pour pince porte-tampons.,,XXème s.,Bon,Favre & Blanc,Métal,Hôpital Cantonal Lausanne
65,0065.JPG,bistouri double rétractable (canif),Chirurgie générale,,450,A deux lames,,,,,,
79,0079.JPG,Ophtalmoscope,Ophtalmologie,Ophtalmologie,3015,"Ophtalmoscope avec manche en bois et loupe. Porte la mention “J. Felder Augen-Optik, Zürich, Theaterstr. 6” - j’ai peut être identifié ce magasin, qui a ouvert ses portes en 1920. On peut donc faire une hypothèse de datation: pas avant 1920.",,20e s.,bon,,,
102,0102.JPG,Masque d’anesthésie,Anesthésiologie,,46,Masque d’anesthésie en métal.,,,bon.,,,
103,0103.JPG,Masque d’anesthésie,Anesthésiologie,,46,Masque d’anesthésie en métal avec cordon.,,,bon.,Carba,,
104,0104.JPG,Masque d’anesthésie,Anesthésiologie,,46,Masque d’anesthésie avec cordon.,,,bon.,Carba,,
105,0105.JPG,Masque d’anesthésie,Anesthésiologie,,46,Masque d’anesthésie en métal.,,,bon.,Carba,,
118,0118.JPG,Seringue,Chirurgie générale,,450,Seringue en métal avec réservoir gradué en verre. Pompe en métal. 2 aiguilles. Protège-aiguille. Etui en métal.,,,bon.,Socorex,,
123,0123.JPG,Lancette avec étui,Chirurgie générale,,450,Etui en métal avec lancette et instrument pour prendre une goutte de sang. Sur le couvercle de la boîte: “Martin Kepatex”Sure la lancette “etui lancette Felix &Flück Brevet”Sur l’instrument pour le sang “Paten Angem”,,,bon.,,,
124,0124.JPG,Rectoscope ou anuscope,Endoscopie,,3003,,,XXème s.,,Schaerer S.A.,,"Mme Anne Egli-Décombaz, Zurich"
148,0148.JPG,Stéthoscope monoaural,Diagnostic,,40,,,20e s.,Bon,Sans marque,,
151,0151.JPG,Trousse de pharmacie,Pharmacie,Pharmacie - Pharmacologie,160,Boîte en métal avec 12 flacons. Notice pour emplâtre animal “K.B. Privilegirter Kleb-Taffet.”,,,bon.,,,
167,0167.JPG,Marteau à réflexe,Diagnostic,,40,,,20e s.,,Sans marque,,
184,0184.JPG,Élévateur pour racines,,,27,Élévateur pour racines en métal. Manche.  Appui doigt. Tête inclinée à curette.,,,bon.,,,
186,0186.JPG,Davier,,,27,"Davier, forme anglaise, pour racines supérieures (selon catalogue Schaerer) ",,,bon.,"W. Margot-Humbert, Lausanne",,
188,0188.JPG,Sonde à goître,Chirurgie générale,,450,Sonde à goître de Kocher (selon catalogue Schaerer).,,,bon.,Klüffr,,
195,0195.JPG,Pinces,Chirurgie générale,,450,2 pinces chirurgicales.,,,bon.,,,
204,0204.JPG,Sphygmomanomètre,Diagnostic,,40,"Sphygmonamomètre. Inscription: “Dr. Dudgeons. Sphygmograph. J. Ganter Maker. 12 Crauford Street. London. W. No 139”La sphygmologie (du grec spygmos, le battement) figure parmi les plus anciens modes de diagnostic dans toutes les cultures, aussi bien égyptienne, grecque, arabe, indienne et chinoise qu’occidentale. Le pouls est non seulement considéré comme signe évident de vie, mais encore comme un indicateur précieux de maladie.  Les premiers appareils enregistreurs de pouls sont introduits par Karl von Vierordt (1853) et Etienne-Jules Marey (1859) Lourds et encombrants, ils sont perfectionnés plusieurs fois jusqu’en 1881, année où le médecin homéopathe anglais Robert Ellis Dudgeon (1820-1904), conçoit un appareil sensible et compact, qui se fixe facilement au poignet par un lacet. L’instrument est composé d’une série de leviers amplifiant les pulsations de l’artère radiale et les transmettant à une aiguille grattant un papier fumé de 15 cm x 2,5 cm tiré par un mouvement d’horloge mécanique et défilant en dix secondes. Le cadran, gradué en ounces, permet de régler la pression exercée sur l’artère par le levier, sans écraser le pouls.",,1881,bon.," J. Ganter Maker, London",,
246,0246.JPG,Abaisse-langue,Diagnostic,,40,Abaisse langue en métal chromé.,,XXème s.,,,,
297,0297.JPG,Sonde,Chirurgie générale,,450,Sonde en forme de “S”.,,,bon.,,,
298,0298.JPG,Sonde,Chirurgie générale,,450,,,,bon.,,,
299,0299.JPG,Attelles d’enfants,"Orthopédie, traumatologie",,457,"Lot de 3 attelles en cuir, bois et métal.",,XXème s.,,,,"Dr Eric Rochat, St-Légier"
301,0301.JPG,Davier pour os,Chirurgie générale,,450,Davier pour os (selon catalogue Schaerer).,,,bon.,,,
307,0307.JPG,Davier,,,27,Davier pour incisives supérieurs et prémolaires (selon catalogue Schaerer),,,moyen.,Hausmann,,
308,0308.JPG,Daviers,,,27,"1 davier pour molaires, 1 davier pour racines (selon catalogue Schaerer)",,,1 bon. 1 moyen avec rouille.,Hausmann,,
309,0309.JPG,Daviers,,,27,"2 daviers pour molaires, 1 davier pour dents de sagesse supérieures (selon  catalogue Schaerer)",,,bon.,,,
310,0310.JPG,Daviers,,,27,"2 daviers universels de Rauhe, 1 davier pour prémolaires supérieures (selon catalogue Schaerer)",,,2 bon. 1 moyen rouillé.,,,
311,0311.JPG,Daviers,,,27,"1 davier pour racines inférieures (selon catalogue Schaerer), 2 daviers tête à angle droit avec bouts arrondis",,,1 bon. 2 moyen rouillés,,,
312,0312.JPG,Davier,,,27,Davier pour molaires inférieures ou dents de sagesse inférieures (selon catalogue Schaerer),,,bon.,Waeber,,
313,0313.JPG,Davier,,,27,Davier universel (d’après catalogue Schaerer),,,moyen. rouille.,,,
314,0314.JPG,Davier,,,27,Davier pour dents de sagesse inférieures ou molaires inférieures (selon catalogue Schaerer).,,,moyen.,Hausmann,,
315,0315.JPG,Davier,,,27,Davier pour racines (selon catalogue Schaerer),,,moyen.,Hausmann,,
318,0318.JPG,Masque d’anesthésie,Anesthésiologie,,46,Masque d’anesthésie à chloroforme pour enfant.,,XXème s.,,,,
340,0340.JPG,amygdalotome,,ORL,458,,,,Bon,Sans marque,,
395,0395.JPG,Pince,Chirurgie générale,,450,pince à bouts triangulaires vides,,,bon.,,,
397,0397.JPG,Pince,Chirurgie générale,,450,,,,bon.,"M. Schaerer A.G., Bern",,
398,0398.JPG,Pince,Chirurgie générale,,450,,,,moyen. rouille.,Klöpfer,,
399,0399.JPG,Porte-aiguille,Chirurgie générale,,450,Porte-aiguille (selon catalogue Schaerer).,,,bon.,,,
403,0403.JPG,Pince,Chirurgie générale,,450,,,,bon.,"M. Schaerer A.G., Bern",,
404,0404.JPG,Ciseaux,Chirurgie générale,,450,,,,bon.,"Collin, France",,
406,0406.JPG,Pince,Chirurgie générale,,450,pince à embout recourbé,,,moyen. rouille.,,,
416,0416.jpg,Pince à ongles,Chirurgie générale,,450,,,XXème s.,,,,
423,0423.JPG,Abaisse-langue ou spatule à emplâtre,Chirurgie générale,,450,,,,bon.,Hausmann,,
429,0429.JPG,Écarteurs,Chirurgie générale,,450,Petits écarteurs.,,,bon.,"Haslam, USA",,
435,0435.JPG,Pince hémostatique,,ORL,458,,,20e s.,Bon,Luer France,,
438,0438.JPG,Abaisse-langue,Diagnostic,,40,,,20e s.,Bon,"Margot & Jeannet, Lausanne ",,
478,0478.JPG,bistouri pour abcès péri-amygdales,,ORL,458,,,,Bon,Sans marque,,
479,0479.JPG,décolleurs d’amygdales,,ORL,458,,,,Bon,E. Gibi Inox,,
480,0480.JPG,abaisse-langue pour narcose ( ou écarte-bouche pour narcose),,ORL,458,,,,Bon,Sans marque,,
482,0482.JPG,3 amygdalotomes,,ORL,458,,,,Bon,,,
483,0483.JPG,Aiguilles à sutures,,ORL,458,,,20e s.,Bon,Sans marque,,
484,0484.JPG,Tuyaux de verre pour le lavage des amygdales,,ORL,458,,,,Bon,,,
487,0487.JPG,appareil ORL,,ORL,458,,,,Bon,,,
488,0488.JPG,pince pour morcellement des amygdales,,ORL,458,,,,Bon,,,
498,0498.JPG,serre-noeud (?),,ORL,458,,,20e s.,Bon,"Luer, France",,
585,0585.JPG,Instrument chirurgical / curette tranchante,,,450,Curette. Fabricant “Klöpfer” No2,,,moyen. rouille et salissures,Klöpfer,,
596,0596.JPG,Tabelles pour l’acupuncture,Diagnostic,,40,"Lot de tabelles de papier illustrant les points d’acupuncture des  parties du corps utilisées dans diverses pathologies Années 1949-1958, Paris, Lausanne",,XXème s.,bon,,,
601,0601.JPG,"Masque d’anesthésie, Ombredanne",Anesthésiologie,,46,Masque d’anesthésie avec sac.,,,bon.,,,
620,0620.JPG,Trousse de pharmacie homéopathique,Pharmacie,Pharmacie - Pharmacologie,160,"Trousse de pharmacie. Inscription “Dr. W. Schwabe Leipzig Centralhalle.”. 36 tubes. Date de 1867 inscrite sur la trousse, mais probablement fabrication postérieure",,1867,moyen. boucle abîmée. 1 lanière manquante.,Industrie Ausstellung zu Chemnitz,,
623,0623.JPG,trousse de scalpels,Chirurgie générale,Chirurgie,450,"boîte noire en cuir ou simili. ornement poinçonné sur le couvercle. Mandorle métallique au centre, sans inscription. Boîte endommagée au niveau de la charnière, rafistolée avec scotch noir (d’électricien?)intérieur cuir violet, un peu marqué.contient 10 instruments (scalpels, droits, courbes; crochet), plusieurs fabricants: Reynolds & Branson; Brady & Martin; J. Dick Glasgow; Simpson;. lames en assez bon état, un peu sales/ certains ont été rongées par l’oxydation. Manches d’ébène",,,moyen,,,
630,0630.JPG,Seringue,Chirurgie générale,,450,Seringue en métal avec réservoir en verre. Aiguille. Etui.,,,bon.,,,
674,0674.JPG,Sphygmomanomètre Sahli,Diagnostic,,40,"Etui noir à deux fermoirs dorés, intérieur de satin et velours violet.Contient:- un tube gradué- un petit tube en verre contenant du mercure et poudre rouille- pièce centrale à deux coudes- autre tube",,,,"E. F. Büchi & Söhne, Bern",,
682,0682.JPG,Soie pour ligatures,Chirurgie générale,,450,,,,,Fabrique internat. d’objets de pansement Schaffouse Suisse,,
698,0698.JPG,Ciseaux,Obstétrique,,456,"Ciseaux-céphalotomes de Dubois, droits.",,XXème s.,,,,"Dr Eric Rochat, St-Légier"
708,0708.JPG,"Etui avec rasoir, bistouris et aiguilles",Chirurgie générale,,450,Etui. 1 rasoir. 2 bistouris. 2 aiguilles. 1 flacon avec 33 petites aiguilles.,,,moyen. rouille.,,,
713,0713.JPG,Élévateurs pour racines,,,27,2 élévateurs pour racines en métal. Appui doigt. Tête inclinée à curette.,,,moyen. rouillé.,,,
766,0766.JPG,Ophtalmoscope,Ophtalmologie,Ophtalmologie,3015,,,Première moitié du 20e s.,moyen,,,
767,0767.JPG,Scie à résection de Butcher,Chirurgie générale,,450,,,,bon.,,,
773,0773.JPG,Pince à ligatures,Chirurgie générale,,450,,,XXème s.,,,,Dr François Vulliet
774,0774.JPG,Pince de Reverdin,Chirurgie générale,,450,Pincette enlever les agrafes,,XXème s.,,,,Dr François Vulliet
783,0783.JPG,Flacon à chloroforme,Anesthésiologie,,46,"Petit flacon de verre brun pour l’anesthésie, forme ovale avec bouchon de liège recouvert d’argent à 2 robinets.",,XXème s.,,,,"Dr François Vulliet, Lausanne"
800,0800.JPG,Lot de lunettes,Ophtalmologie,Ophtalmologie,3015,"7 paires de lunettes avec ou sans étui:- 1 paire de lunettes rondes à montures rouges. Il manque une branche- 1 paire de lunettes en métal, carré, probablement 1990s, Lino Veneziani for Liven, Made in Italy. Dans étui brun très abîmé.- 1 paire monture supérieure dorée, branches et pont ciselés dans étui à motifs art nouveau- 1 paire de lunettes de soleil rondes, monture en résine avec caches latéraux. Pont cassé. Dans un étui de carton coulissant- 1 paire de lunettes à monture noire. Cassées (verre droit qui ne tient plus et où le métal doré est à jour. Dans un étui de tissu marine et gris.- 1 paire de lunettes à monture or et écaille, en bon état. Dans un étui en plastique à carreaux écossais.- 1 paire de lunettes en métal avec bordure supérieure en plastique brun. bon état. Dans étui très abîmé Giorgio Armani (90s)Selon le bordereau: 6 lunettes avec étui et 6 sans étui",,20e s.,moyen - mauvais,,,"Dr Henri Smolik, Veytaux/Montreux"
818,0818.JPG,Masque d’anesthésie,Anesthésiologie,,46,"Masque d’anesthésie en métal chromé, sans filet",,XXème s.,,,,
824,0824.JPG,Instrument chirurgical,,,450,Instrument en métal courbé en “Z”. Petite pièce mobile au bout.,,,bon,,,
825,0825.JPG,Instrument chirurgical / trocart,,,450,Trocart recourbé avec protection amovible,,,bon,,,
826,0826.JPG,Instrument chirurgical,,,450,"Instrument metalique. Tige, trois cercles pour  passer les doigts (marquage sur la boucle principale)",,,bon,,,
846,0846.JPG,Marteaux à réflexes,Diagnostic,,40,3 marteaux à réflexes: - 1 à manche nickelé garni d’un  triangle de caoutchouc rouge - 2 à manches nickelés garnis d’embouts en caoutchouc durci,,XXème s.,,,,
850,0850.JPG,Couteau à plâtre,"Orthopédie, traumatologie",,457,,,XXème s.,,"Laubscher, Bâle",,"Dr Eric Rochat, St-Légier"
859,0859.JPG,Cisaille,Chirurgie générale,,450,CIsaille à plâtre (?),,,bon.,,,
878,0878.JPG,Ouvre-bouche,,ORL,458,,,20e s.,Bon,H. Pfau,,
5000,5000.JPG,Curettes pour les végétations adénoïdes,ORL,,458,Curettes à végétations employées pour enlever  des augmentations de volume des adénoïdes (excroissances). Grandeurs:n° 1n° 4n° 5,,Première moitié du XXème s.,bon.,"Storz, Prexa, Klöpfer",,"Pharmacie du Prieuré, Orbe"
5001,5001.JPG,Instrument pour amygdalectomie,ORL,,458,Instrument pour l’ablation totale des amygdales.Trois grandeurs:n° 1n° 2n° 3,,Vers 1950 (utilisé jusqu’à 1970),moyen. rouille.,"Luer, France",,"Pharmacie du Prieuré, Orbe"
5002,5002.JPG,Instrument pour amygdalotomie,ORL,,458,Modèle n° 2 de Mathieu pour l’ablation partielle des amygdales.,,Vers 1950,bon.,Sans mention,,"Pharmacie du Prieuré, Orbe"
5003,5003.JPG,Abaisse-langue à échelle,Diagnostic,,40,Abaisse-langue en métal chromé utilisé pour l’examen de la bouche et de la gorge.,,Première moitié du XXème s.,bon.,Laubscher-Basel,,"Pharmacie du Prieuré, Orbe"
5004,5004.JPG,Miroirs laryngiens,ORL,,458,"Grandeurs:2 fois K 1 (diamètre 1,3 cm)K 5 (diamètre 2 cm)K 7 (diamètre 2,5 cm)",,Première moitié du XXème s.,bon.,Sans mention,,"Pharmacie du Prieuré, Orbe"
5005,5005.JPG,Conchotome,ORL,,458,Instrument servant à enlever les restes d’amygdales.,,Première moitié du XXème s.,bon.,Favre & Blanc,,"Pharmacie du Prieuré, Orbe"
5006,5006.JPG,Trocart,Chirurgie générale,,450,"Le trocart sert à faire des ponctions et des biopsies. À la fin de la procédure, la canule reste en place pour aider l'évacuation des fluides.",,Première moitié du XXème s.,moyen.,Sans mention,,"Pharmacie du Prieuré, Orbe"
5007,5007.JPG,Trocart pour perforer l’abdomen,Chirurgie générale,,450,Avec trois pointes de grandeur différente.,,Première moitié du XXème s.,moyen. rouille.,Sans mention,,"Pharmacie du Prieuré, Orbe"
5009,5009.JPG,Pessaires,Gynécologie,,456,3 pessaires:2 de la marque B. Braun et 1 sans mention.,,Première moitié du XXème s.,bon.,B. Braun Melsungen,,"Pharmacie du Prieuré, Orbe"
5011,5011.JPG,Poignées pour la scie de Gigli en fil d’acier,Chirurgie générale,,450,,,Première moitié du XXème s.,bon.,M. Schaerer & Co,,"Pharmacie du Prieuré, Orbe"
5012,5012.JPG,Planche à pilules double-face,Pharmacie,,160,En bois avec une partie métallique.,,Première moitié du XXème s.,,Sans mention,,"Pharmacie du Prieuré, Orbe"
5013,5013.JPG,Planche à pilules,Pharmacie,,160,En métal avec une partie en verre.,,XXème s.,,Sans mention,,"Pharmacie du Prieuré, Orbe"
5014,5014.JPG,Uromètre,Diagnostic,,40,"Modèle du Dr Ulzimann 15°Celsius, sans thermomètre, 1,000 - 1,060.",,Première moitié du XXème s.,bon.,"Müller & Krempel, Zürich",,"Pharmacie du Prieuré, Orbe"
5015,5015.JPG,Uromètres,Diagnostic,,40,"2 uromètres, modèle du Dr Ulzimann 15°Celsius, sans thermomètre, 1,000 - 1,060.",,Première moitié du XXème s.,bon.,"Müller & Krempel, Zürich",,"Pharmacie du Prieuré, Orbe"
5016,5016.JPG,Densimètres pour le sucre,Diagnostic,,40,"2 modèles, 0-50, 15° Celsius.",,Première moitié du XXème s.,,TJZ,,"Pharmacie du Prieuré, Orbe"
5017,5017.JPG,Uricomètre,Diagnostic,,40,"Uricomètre du Dr Ruhemann dans un étui, pour l’analyse quantitative immédiate de l’acide urique dans l’urine.",,Première moitié du XXème s.,bon.,Sans mention,,"Pharmacie du Prieuré, Orbe"
5018,5018.JPG,Albuminimètre,Diagnostic,,40,"3 albuminimètre du Dr Esbach (un dans un étui en bois), pour déterminer la quantité d’albumine dans l’urine.",,Première moitié du XXème s.,,Sans mention,,"Pharmacie du Prieuré, Orbe"
5021,5021.JPG,Pilon,Pharmacie,,160,Pilon en bois avec tête en porcelaine utilisé en pharmacie pour piler les substances solides dans un mortier (pas de mortier),,XXème s.,,Sans mention,,"Pharmacie du Prieuré, Orbe"
5022,5022.JPG,Pilon,Pharmacie,,160,Pilon en bois utilisé en pharmacie pour piler les substances solides dans un mortier (pas de mortier),,XXème s.,bon.,Sans mention,,"Pharmacie du Prieuré, Orbe"
5023,5023.JPG,Pilon,Pharmacie,,160,Pilon en bois utilisé en pharmacie pour piler les substances solides dans un mortier (pas de mortier),,XXème s.,bon.,Sans mention,,"Pharmacie du Prieuré, Orbe"
5024,5024.JPG,Flacon,Pharmacie,,160,Flacon en verre avec col étroit et bouchon casquette.Inscription sur le flacon : 54Inscription sur le bouchon : 24,,XXème s.,bon.,Sans mention,,"Pharmacie du Prieuré, Orbe"
5025,5025.JPG,Densimètre,Diagnostic,,40,"De 0,700 à 1,000. Temp. 15° Celsius.",,Première moitié du XXème s.,,Sans mention,,"Pharmacie du Prieuré, Orbe"
5040,5040.JPG,"Ophtalmoscope, modèle Eff, avec deux ampoules dans sa boîte",Ophtalmologie,,3015,Ophtalmoscope dans une boîte noire,,20e s.,,,,
1,IHM-0001.JPG,Trocart du Docteur Cardis,"Pneumologie, phtisiologie",Pneumologie,160,"Boîte en métal avec inscription: “ TROCART DU DOCTEUR CARDIS. DEPOSE N° 29734 DUFFAUD _ CONSTRUCTEUR PARIS”Contient: mode d’emploi, 3 trocarts, une longue tige (aiguille à pneumothorax pour apprécier l’épaisseur des téguments?), 2 ailettes, 3 autres pièces (canules?), tube de verre contenant des pastilles en résine/plastique.",,1930,bon,"Duffaud, Paris","métal, verre, résine",
2,IHM-0002.JPG,Trocart (Docteur Cardis?),"Pneumologie, phtisiologie",Pneumologie,160,"Boite en métal avec logo Duffaud, Paris. Contient 3 trocarts, une aiguille (?), 2 ailettes, 3 petites pièces (?).",,1930 environ,"bon, mais rouille dans la boîte","Duffaud, Paris",métal,
3,IHM-0003.jpg,Echelle d’intelligence de Wechsler pour enfants WISC-R,Pédiatrie,Psychiatrie,3009,"Boîte verte, inscriptions: Echelle d’intelligence de Wechsler-Bellevue-1; Centre de psychologie appliquée, square Jouvenet Paris 16e. Edité avec l’autorisation de The Psychological Corporation, New York.Contenu:* 5 boîtes d’assemblage d’objets. Portent toutes le tampon CMPP 30 rue A. Bonnenfant 30, ST-Germain-en-Laye 78100, Téléphone 451.52.77- boîte A: automobile, complète-- boîte P: pomme, complète- boîte C: cheval, manque une patte- boîte V: visage, complète- boîte F: fillette, complète* boîte de cubes: complète, avec exercices à suivre à l’intérieur*calepin (incomplet) de compléments d’images et de problèmes*boîte arrangement d’images (semble complète)* fiche examinateur pour test d’assemblage d’objets",,1960s,Bon,,"Carton, divers",
4,IHM-0004.JPG,Instrument chirurgical,,,450,Manche avec tête amovible.,,,bon,Krupp-V2A,,
5,IHM-0005.JPG,Instrument chirurgical,,,450,Tige en métal recourbée avec pointe en “vis”,,,Bon,,,
6,IHM-0006.JPG,Instrument chirurgical,,,450,"Tige en métal recourbée, bout de type “vis”",,,bon,"Duffaud, Paris",,
7,IHM-0007.JPG,Instruments chirurgicaux,,,450,"2 tiges en métal, droites avec extrémité en “vis”",,,bon,,,
70,IHM-0070.JPG,Davier,,,27,Davier pour racines inférieures. (Selon catalogue Schaerer),,,bon. quelques points de rouille,,,
71,IHM-0071.JPG,Davier,,,27,Davier pour prémolaires inférieures. (Selon catalogue Schaerer),,,bon. quelques points de rouille,,,
72,IHM-0072.JPG,Davier,,,27,Davier pour molaires. (Selon catalogue Schaerer),,,bon. quelques points de rouille,,,
73,IHM-0073.JPG,Davier,,,27,Davier pour molaires inférieures. (Selon catalogue Schaerer),,,bon. quelques points de rouille,,,
74,IHM-0074.JPG,Davier,,,27,Davier pour prémolaires supérieures. (Selon catalogue Schaerer),,,bon. quelques point de rouille,,,
75,IHM-0075.JPG,Davier,,,27,Davier pour molaires. (Selon catalogue Schaerer),,,bon. quelques points de rouille,,,
76,IHM-0076.JPG,Davier,,,27,Davier pour racines supérieures.  (Selon catalogue Schaerer),,,bon. quelques points de rouille,,,
77,IHM-0077.JPG,Davier,,,27,Davier univers avec articulation aseptique. (Selon catalogue Schaerer),,,bon. quelques points de rouille,,,
78,IHM-0078.JPG,Élévateur pour racines,,,27,Elévateur pour racines en métal. Appui doigt. Tête à curette.,,,moyen. rouillé.,,,
80,IHM-0080.JPG,Pulvérisateur de Lucas-Championnière,,,72,Pulvérisateur à vapeur et phénol de type Lister,,vers 1880,bon,,,
107,IHM-0107.JPG,Outils dentaires,,,27,4 pièces à main droites.Incription: “Imperator. D&Z. Made in Germany”,,,bon,"D&Z, Germany",,
108,IHM-0108.JPG,Outils dentaires,,,27,4 pièces à main avec angle. Incription: “Imperator. D&Z. Made in Germany”,,,bon,"D&Z, Germany",,
109,IHM-0109.JPG,Outils dentaires,,,27,2 pièces à main avec inclinaison. Inscription: “Kaltenbach & Voigt Biberach. Made in Western Germany”,,,bon,Kaltenbach & Voigt Biberach,,
110,IHM-0110.JPG,Outil dentaire,,,27,Pièce à main avec angle. Inscription: “Kaltenbach & Voigt Biberach. Made in Western Germany”,,,bon,Kaltenbach & Voigt Biberach,,
111,IHM-0111.JPG,Outil dentaire,,,27,Pièce à main avec angle. Inscription: “Supra-Combi. Kaltenbach & Voigt Biberach. Made in Western Germany”,,,bon,Kaltenbach & Voigt Biberach,,
175,IHM-0175.JPG,Davier,,,27,Davier universel de Rauhe (selon catalogue Schaerer),,,bon. quelques points de rouille.,Hausmann,,
176,IHM-0176.JPG,Davier,,,27,Davier pour prémolaires inférieures (selon catalogue Schaerer),,,bon.,,,
177,IHM-0177.JPG,Davier,,,27,Davier pour dents de sagesse supérieures (selon catalogue Schaerer),,,bon.,,,
178,IHM-0178.JPG,Davier,,,27,Davier pour prémolaires inférieure (selon catalogue Schaerer),,,bon.,Hanhart & Ziegler,,
179,IHM-0179.JPG,Daviers,,,27,3 daviers,,,bon. quelques points de rouille.,,,
180,IHM-0180.JPG,Davier,,,27,Davier droit. Dents à l’intérieur de la pince.,,,bon.,,,
181,IHM-0181.JPG,Davier,,,27,Davier pour dents de sagesse inférieures ou molaires inférieures (selon catalogue Schaerer).,,,bon.,,,
182,IHM-0182.JPG,Davier,,,27,Davier pour dents de sagesse inférieures ou molaires inférieures (selon catalogue Schaerer).,,,bon.,A. Koelliker & CO. AG.,,
183,IHM-0183.JPG,Élévateur pour racines,,,27,Élévateur pour racines en métal.,,,moyen. manche abîmé.,,,
184,IHM-0184.JPG,Élévateurs pour racines,,,27,2 élévateurs pour racines.  Manche.  Appui doigt. Tête inclinée à curette.,,,moyen. rouille.,,,
190,IHM-0190.JPG,Pastilles SODRI,Pharmacie,Pharmacie - Pharmacologie,160,Boîte de pastilles.,,,bon.,"Laboratoires Sauter S.A., Genève",,
191,IHM-0191.JPG,Poudres KAFA,Pharmacie,Pharmacie - Pharmacologie,160,Boîte Poudres KAFA,,,moyen. rouille.,"Pharmacie Principale, Genève",,
192,IHM-0192.JPG,Pastilles du Dr. Belloc,Pharmacie,Pharmacie - Pharmacologie,160,Boîtes de pastilles du Dr. Belloc.,,,bon.,"Vaillant-Deferesne, G Torchon, Paris",,
193,IHM-0193.JPG,Métaspirine,Pharmacie,Pharmacie - Pharmacologie,160,Boîte d’aspirines Métaspirine,,,bon.,"Laboratoires Paul-Métadier, Tours",,
194,IHM-0194.JPG,Ripason,Pharmacie,Pharmacie - Pharmacologie,160,Boîtes de Ripason,,,bon.,"Robapharm, Laoratoriums AG. Basel",,
196,IHM-0196.JPG,Flacon,Pharmacie,Pharmacie - Pharmacologie,160,Petite bouteille en verre. Inscription “Ne pas avaler”,,,bon.,,,
197,IHM-0197.JPG,Boîte de coton chirurgical,Pharmacie,Pharmacie - Pharmacologie,160,Boîte de coton chirurgical FLAWA (coton à l’intérieur).,,,bon.,FLAWA,,
198,IHM-0198.JPG,Gouttes MAGALO,Pharmacie,Pharmacie - Pharmacologie,160,Flacon de gouttes MAGALO,,,bon.,"M. Bouvet, Paris",,
199,IHM-0199.JPG,Crème,Pharmacie,Pharmacie - Pharmacologie,160,Boîte de crème.,,,bon.,Marquise Pompadour,,
200,IHM-0200.JPG,Bandage Elastoplast,Pharmacie,Pharmacie - Pharmacologie,160,Boîte de bandage élastique adhésif Elastoplat,,,bon.,"T.J. Smith & Nephew LTD, England",,
201,IHM-0201.JPG,Boîte de Sandosten-Calcium,Pharmacie,Pharmacie - Pharmacologie,160,Boîte de Sandosten-Calcium.,,,bon.,Sandoz,,
202,IHM-0202.JPG,Bandages pour les doigts Gazefix,Pharmacie,Pharmacie - Pharmacologie,160,Boîtes de bandages pour les doigts Gazefix avec notice d’emballage.,,,bon.,"Vadi, Petit-Lancy, Genève",,
203,IHM-0203.JPG,Granulés Bourget Probios,Pharmacie,Pharmacie - Pharmacologie,160,Boîte de Bourget Probios granulé.,,,moyen.,"Laboratoires Probios, Paris",,
204,IHM-0204.JPG,Cachets Kalmine,Pharmacie,Pharmacie - Pharmacologie,160,Boîtes de 30 cachets Kalmine.,,,bon.,"Paul Métadier, France",,
205,IHM-0205.JPG,Aspirine,Pharmacie,Pharmacie - Pharmacologie,160,"2 boîtes (1 en métal, 1 en plastique) d’Aspirine.",,,bon.,Usines du Rhône,,
206,IHM-0206.JPG,Flacon Teinture d’iode,Pharmacie,Pharmacie - Pharmacologie,160,Flacon en verre dans boîte en métal. Etiquette “Jodtinktur. Teinture d’iode”.,,,bon.,,,
207,IHM-0207.JPG,Boîte,Pharmacie,Pharmacie - Pharmacologie,160,Petite boîte en carton. Ecriture manuscrite “Mme ?. 4 par jour au début des repas”,,,bon.,"R. Suard, Genève",,
208,IHM-0208.JPG,Boîte Albuplast,Pharmacie,Pharmacie - Pharmacologie,160,Petite boîte Albuplast.,,,bon.,Jean Herre,,
209,IHM-0209.JPG,Comprimés Végélax,Pharmacie,Pharmacie - Pharmacologie,160,Comprimés laxatifs Végélax,,,bon.,"Institut de physiologie appliquée, Paris",,
210,IHM-0210.JPG,Comprimés Phénergan,Pharmacie,Pharmacie - Pharmacologie,160,"Boîte de 20 comprimés Phénergan (comprimés à l’intérieur), notice d’emballage. ",,,bon.,"Specia, Paris",,
211,IHM-0211.JPG,Flacon Laxativa,Pharmacie,Pharmacie - Pharmacologie,160,Flacon Laxativa.,,,bon.,,,
212,IHM-0212.JPG,Poudre Vasenol,Pharmacie,Pharmacie - Pharmacologie,160,Boîte Vasenol-Wund-und-Kinder-Puder.,,,bon.,"Arthur Köpp, Leipzig-München-Düsseldorf",,
213,IHM-0213.JPG,Flacon Teinture d’iode,Pharmacie,Pharmacie - Pharmacologie,160,Flacon dans boîte Teinture d’iode Jodtinktur,,,bon.,"Pharmacie Principale, Genève",,
214,IHM-0214.JPG,Bouteille Eau des Carmes,Pharmacie,Pharmacie - Pharmacologie,160,Bouteille en verre Eau de Mélisse des Carmes.,,,bon.,"Boyer, Paris",,
215,IHM-0215.JPG,Grains Miraton,Pharmacie,Pharmacie - Pharmacologie,160,Boîte Grains Miraton Chatel-Guyon,,,bon.,"R.J. Soudan, Paris",,
216,IHM-0216.JPG,Comprimés Calcium-D-Redoxon,Pharmacie,Pharmacie - Pharmacologie,160,Boîte en métal de 100 comprimés Calcium-D-Redoxon “ROCHE”.,,,bon.,"S.A. F. Hoffmann-La Roche & Co. A.G., Bâle",,
217,IHM-0217.JPG,Dragées Kina-Redoxon,Pharmacie,Pharmacie - Pharmacologie,160,"Fiole de 50 dragées dans boîte en carton Kina-Redoxon “ROCHE”, avec notice d’emballage. ",,,bon.,"S.A. F. Hoffmann-La Roche & Co. A.G., Bâle",,
218,IHM-0218.JPG,Granulés Histogénol,Pharmacie,Pharmacie - Pharmacologie,160,Boîte en métal Histogénol Naline Granulé.,,,moyen. rouille,"A. Mouneyrat, Villeneuve-La Garenne",,
219,IHM-0219.JPG,Sel Bichy-Etat,Pharmacie,Pharmacie - Pharmacologie,160,Boîte en métal de 50 paquets de sel Vichy-Etat,,,moyen. cabossée.,,,
220,IHM-0220.JPG,Tisane des Amis,Pharmacie,Pharmacie - Pharmacologie,160,Boîte de tisane des Amis.,,,bon.,"Pharmacie Nouvelle, Genève ",,
221,IHM-0221.JPG,Bandage pour les doigts stérile,Pharmacie,Pharmacie - Pharmacologie,160,Petit paquet avec bandage stérile pour les doigts.,,,bon.,,,
222,IHM-0222.JPG,Bandage stérile,Pharmacie,Pharmacie - Pharmacologie,160,Paquet de bandage stérile.,,,bon.,,,
223,IHM-0223.JPG,Granulés RHUS toxicodendron,Pharmacie,Pharmacie - Pharmacologie,160,Tube RHUS toxicodendron.,,,moyen.,"Laboratoires Boiron, Lyon",,
224,IHM-0224.JPG,Boîte pharmacie,Pharmacie,Pharmacie - Pharmacologie,160,Boîte en en carton.,,,moyen.,"J. Martin, Genève",,
225,IHM-0225.JPG,Pastilles Valda,Pharmacie,Pharmacie - Pharmacologie,160,Boîte en métal de pastilles Valda.,,,bon.,"Pharmacie principale, H. Canonne, Paris",,
226,IHM-0226.JPG,Boîte Herold DRGM,Pharmacie,Pharmacie - Pharmacologie,160,Boîte en carton. 2 dessins de boîtes “Herold DRGM” sur le couvercle.,,,moyen.,,,
227,IHM-0227.JPG,Uraseptine,Pharmacie,Pharmacie - Pharmacologie,160,Flacon d’Uraseptine.,,,bon.,"Laboratoire Henry Rogier, Paris",,
228,IHM-0228.JPG,Révulsif Adrian,Pharmacie,Pharmacie - Pharmacologie,160,Flacon de Révulsif Adrian.,,,bon.,"Laboratoires Adrian, Courbevoie",,
229,IHM-0229.JPG,Capsules ISOTYL-AO12,Pharmacie,Pharmacie - Pharmacologie,160,Boîtes de 30 capsules ISOTYL-AO12,,,bon.,"Laboratoires BYLA, Paris",,
230,IHM-0230.JPG,Boîte pharmacie,Pharmacie,Pharmacie - Pharmacologie,160,Boîte en carton. Inscription manuscrite “M. ? 4 à 6 par jour avec du lait”.,,,moyen.,Société coopérative des pharmacies populaires de Genève,,
231,IHM-0231.JPG,Tablettes de Chlorhydrate de Morphine,Pharmacie,Pharmacie - Pharmacologie,160,Boîte de tablettes hypodermiques de chlorhydrate de morphine. 2 tubes (avec tablettes).,,,bon.,"Parke, Davis & Cie., Londres",,
232,IHM-0232.JPG,Teinture d’Arnica,Pharmacie,Pharmacie - Pharmacologie,160,Flacon de teinture d’arnica.,,,bon.,"Pharmacie Centrale, A. Grandvaux, Lons-le-Saunier",,
233,IHM-0233.JPG,Boîte pharmacie,Pharmacie,Pharmacie - Pharmacologie,160,Boîte en carton. Inscription manuscrite “M. ? 4 à 6 par jour avec du lait”.,,,bon.,Société coopérative des pharmacies populaires de Genève,,
234,IHM-0234.JPG,Anis à la réglisse,Pharmacie,Pharmacie - Pharmacologie,160,Boîte d’anis à la réglisse de l’abbaye de Flavigny.,,,bon.,Troubat-Flavigny,,
235,IHM-0235.JPG,Huile d’immersion,Pharmacie,Pharmacie - Pharmacologie,160,Flacon d’huile d’immersion Leitz Wetzlar.,,,bon.,Leitz Wetzlar,,
244,IHM-0244.JPG,Pilulier / planche à pilules ?,,,160,Pilulier (?) en bois et en acier.,,,bon.,,,
245,IHM-0245.JPG,Planche à pilules,,,160,Pilulier (?) en bois.,,,bon.,,,
246,IHM-0246.JPG,Planche à pilules,,,160,Pilulier (?) en verre et en métal.,,,bon.,,,
248,IHM-0248.JPG,Couteau annulaire,ORL,,458,cf. Schaerer p. 704,,,,,,"Dr Eric Rochat, St-Légier"
251,IHM-0251.JPG,Boîte de coupes histologiques,,,100,"Boîte cartonnée verte et coupes dans plaques de verre, matière organique. 77 coupes sur 100 rangs. (cf. Bordereau de versement, 10.10.2011)",,1960-1980,bon.,,,
252,IHM-0252.JPG,Boîte de coupes histologiques,,,100,"Boîte cartonnée verte et coupes dans plaques de verre, matière organique. 89 coupes sur 100. (cf. Bordereau de versement, 10.10.2011)",,1960-1980,bon.,,,
253,IHM-0253.JPG,Boîte de coupes histologiques,,,100,"Boîte cartonéée verte et coupes dans plaques de verre, matière organique. 91 coupes sur 100. (cf. Bordereau de versement, 10.10.2011)",,1960-1980,bon.,,,
254,IHM-0254.JPG,Boîte de coupes histologiques,,,100,"Boîte cartonnée noire et coupes dans plaques en verre, matière organique. 95 coupes sur 100.(cf. Bordereau de versement, 10.10.2011)",,1960-1980,bon.,,,
255,IHM-0255.JPG,Boîte de coupes histologiques,,,100,"Boîte cartonnée noire et coupes dans plaques en verre, matière organique. 91 coupes sur 100. ",,1960-1980,,,,
263,IHM-0263.JPG,Speculum,,,456,(cf. feuille “FONDS” dans la boîte),,,bon.,Bott & Walla,,
301,IHM-0301.JPG,Implantable demand-type puls generator (boîte),Chirurgie cardiaque,,451,“Starr.Edwards. Implantable demand-type pulse generator. Model 8114 serial No. 2142 use before 3-15-73. Edwards laboratories”,,,bon.,Laboratoires Edward,,
308,IHM-0308.JPG,Sphygmographe,,,40,Smygmographe dans étui. Inscription sur le couvercle: “Sphygmographe de Marey”,,,bon.,,,
310,IHM-0310.JPG,Sphygmoraphe,,,40,Sphygmoraphe dans étui. Etiquette à l’intérieur “Réparée et révision complète juin 1962”,,,bon.,,,
311,IHM-0311.JPG,Sphygmoraphe,,,40,Sphygmoraphe dans étui.,,,bon.,,,
319,IHM-0319.JPG,Sonde cannelée,Chirurgie générale,,450,Sonde cannelée (selon catalogue Schaerer).,,,bon.,,,
320,IHM-0320.JPG,Porte-coton,Chirurgie générale,,450,Porte-coton (selon catalogue Schaerer).,,,bon.,,,
321,IHM-0321.JPG,Pince,Chirurgie générale,,450,,,,bon.,,,
322,IHM-0322.JPG,Ciseaux,Chirurgie générale,,450,Ciseaux à pansement ou plâtre (?).,,,bon.,,,
323,IHM-0323.JPG,Sonde,Chirurgie générale,,450,,,,bon.,,,
325,IHM-0325.JPG,,Chirurgie générale,,450,,,,bon.,,,
326,IHM-0326.JPG,Couteau,Chirurgie générale,,450,Petit couteau vissé à un manche.,,,bon.,,,
328,IHM-0328.JPG,Couteau ou bistouri ?,Chirurgie générale,,450,Inscirption sur le manche “Hausmann St. Gallen DRGM 146831 7786”,,,bon.,"Hausmann, Saint-Galle",,
329,IHM-0329.JPG,Abaisse-langue,Chirurgie générale,,450,Abaisse-langue à échelle (selon catalogue AESCULAP),,,bon.,Chirurg,,
330,IHM-0330.JPG,Pinces,Chirurgie générale,,450,2 pinces,,,bon.,,,
331,IHM-0331.JPG,Ecarteurs,Chirurgie générale,,450,Ecarteurs (?).,,,bon.,,,
332,IHM-0332.JPG,Pincette,Chirurgie générale,,450,Pincette à griffes.,,,bon.,V2A,,
333,IHM-0333.JPG,Pincette,Chirurgie générale,,450,,,,bon.,V2A,,
334,IHM-0334.JPG,Pincette,Chirurgie générale,,450,,,,bon.,"Intramed, Swiss made",,
335,IHM-0335.JPG,Pince,Chirurgie générale,,450,Pince avec manche ciseau.,,,bon.,Bott & Walla,,
336,IHM-0336.JPG,Ciseaux,Chirurgie générale,,450,Petit logo d’une épée et d’un écusson.,,,bon.,,,
337,IHM-0337.JPG,Ciseaux,Chirurgie générale,,450,,,,bon.,,,
338,IHM-0338.JPG,Pincette,Chirurgie générale,,450,,,,bon.,Hausmann,,
339,IHM-0339.JPG,Pincette,Chirurgie générale,,450,,,,bon.,Hausmann,,
340,IHM-0340.JPG,Poignées pour scie à ruban (scie Gigli ?),Chirurgie générale,,450,,,,bon.,,,
341,IHM-0341.JPG,Poignées pour scie à ruban (scie Gigli ?),Chirurgie générale,,450,,,,bon.,,,
342,IHM-0342.JPG,Sac d’aiguilles,Chirurgie générale,,450,Petit sac avec inscription “Needles”. (aiguilles à l’intérieur?),,,bon.,,,
343,IHM-0343.JPG,Pince,Chirurgie générale,,450,Pince avec manche ciseaux.,,,moyen. rouille.,,,
344,IHM-0344.JPG,Pince,Chirurgie générale,,450,Pince. Manche ciseaux. Tête à angle droit.,,,moyen. rouille.,Bott & Walla,,
346,IHM-0346.JPG,Aiguilles à suturer,Chirurgie générale,,450,2 aiguilles à suturer de taille différente,,,bon.,,,
347,IHM-0347.JPG,Lot d’aiguilles à seringue,Chirurgie générale,,450,Lot de 11 grandes aiguilles à seringue.,,,bon.,,,
348,IHM-0348.JPG,Instrument pour prendre une goutte de sang (lancette à ressort ou lancette stylo),Chirurgie générale,,450,Instrument pour prendre une goutte de sang (selon catalogue Schaerer).,,,bon.,,,
349,IHM-0349.JPG,Thérmomètre,Chirurgie générale,,450,"Petit thermomètre dans étui en métal. De 35 à 43 C. Inscriptions:  “1 minute”, “426”. ",,,bon.,,,
350,IHM-0350.JPG,Sondes,Chirurgie générale,,450,Lot de 3 sondes.,,,bon.,,,
351,IHM-0351.JPG,Aiguilles de Mooij,Chirurgie générale,,450,3 aiguilles de Mooij (selon catalogue Schaerer).,,,bon.,,,
352,IHM-0352.JPG,Aiguille de Mooij,Chirurgie générale,,450,Aiguille de Mooij à manche fenêtré (selon catalogue Schaerer),,,moyen. rouille.,,,
353,IHM-0353.JPG,Aiguille à ligature,Chirurgie générale,,450,Aiguille à ligature (selon catalogue Shaerer). Inscription “ORL”,,,bon.,Schmied.,,
354,IHM-0354.JPG,Aiguille,Chirurgie générale,,450,,,,bon.,Endrun,,
355,IHM-0355.JPG,Aiguilles,Chirurgie générale,,450,3 aiguilles stériles. “Steril Disposable Jintan Needle 21G1 +/” Non-toxic pyrogen-free”,,,bon.,,,
356,IHM-0356.JPG,Sonde,Chirurgie générale,,450,,,,bon.,,,
357,IHM-0357.JPG,Pince,Chirurgie générale,,450,,,,moyen. rouille.,Pruneau,,
358,IHM-0358.JPG,Pince,Chirurgie générale,,450,,,,moyen. rouille.,,,
359,IHM-0359.JPG,Pince,Chirurgie générale,,450,,,,moyen. rouille.,D. SImaz,,
360,IHM-0360.JPG,Ciseaux,Chirurgie générale,,450,,,,moyen. rouille.,,,
361,IHM-0361.JPG,Pince,Chirurgie générale,,450,,,,moyen. rouille.,Hausmann,,
362,IHM-0362.JPG,Pince,Chirurgie générale,,450,,,,moyen. rouille.,,,
363,IHM-0363.JPG,Pince,Chirurgie générale,,450,,,,moyen. rouille.,,,
364,IHM-0364.JPG,Pince,Chirurgie générale,,450,,,,moyen. rouille.,,,
365,IHM-0365.JPG,Pince,Chirurgie générale,,450,,,,moyen. rouille.,,,
366,IHM-0366.JPG,Pince,Chirurgie générale,,450,Dessin d’un poisson sur le manche.,,,moyen. rouille.,,,
367,IHM-0367.JPG,Pince,Chirurgie générale,,450,La moitié qui forme un “U” est perforée.,,,moyen. rouille.,,,
368,IHM-0368.JPG,Pince,Chirurgie générale,,450,Moitié d’une pince.,,,moyen. rouille.,,,
369,IHM-0369.JPG,Trocart,Chirurgie générale,,450,,,,Incomplet.,,,
370,IHM-0370.JPG,Pince,Chirurgie générale,,450,,,,moyen. rouille.,"Collin, France",,
371,IHM-0371.JPG,Pince,Chirurgie générale,,450,,,,bon.,Hausmann,,
372,IHM-0372.JPG,Soie stérile,Chirurgie générale,,450,Fiole de soie stérile dans étui en étal. “SSC Neuhausen Seide-Soie steril 6m Nr. 1 15.11.69,,,bon.,Rostfrei,,
373,IHM-0373.JPG,Instrument pour prendre une goutte de sang (lancette à ressort ou stylo),Chirurgie générale,,450,Instrument pour prendre une goutte de sang (selon catalogue Schaerer).,,,bon.,,,
374,IHM-0374.JPG,Pince,Chirurgie générale,,450,Pince pour écarter (?),,,bon.,,,
375,IHM-0375.JPG,Lithotome à écartement,Chirurgie générale,,450,Lithotome à écartement régable de Duphytren. Pour opération de la taille ou lithotomie (pierre-vessie).,,Seconde moitié du XIXe,bon.,,,
376,IHM-0376.JPG,Lot de bistouris,Chirurgie générale,,450,Lot de 8 bistouris.,,,bon.,,,
377,IHM-0377.JPG,Curette tranchante,Chirurgie générale,,450,Double curette tranchante.,,,bon.,Blanc & Cie,,
378,IHM-0378.JPG,Sondes,Chirurgie générale,,450,3 sondes.,,,moyen. métal vieilli.,,,
379,IHM-0379.JPG,Pinces,Chirurgie générale,,450,2 pinces. Une du fabricant Hausmann.,,,bon.,,,
380,IHM-0380.JPG,Ecarteurs,Chirurgie générale,,450,,,,bon.,,,
381,IHM-0381.JPG,Pince,Chirurgie générale,,450,,,,moyen. rouille.,Hausmann,,
382,IHM-0382.JPG,Lot de pinces,Chirurgie générale,,450,Lot de 5 pinces identiques.,,,bon.,,,
383,IHM-0383.JPG,Instrument de chirurgie (A identifier) / dermojet?,Chirurgie générale,,450,INCOMPLET?,,,bon. incomplet?,Luer,,
384,IHM-0384.JPG,instrument de chirurgie (mini burin ?),Chirurgie générale,,450,,,,bon,,,
385,IHM-0385.JPG,Bistouri rétractable,Chirurgie générale,,450,inscriptions: Panglandine Glesol Couturieux / Iodine Sulfoidol Robin,,,bon,,,
386,IHM-0386.JPG,Trousses de chirurgie vides en tissu,Chirurgie générale,,450,,,,,,,
387,IHM-0387.JPG,Trousse de chirurgie ambulatoire,Chirurgie générale,,450,,,Première moitié du 20e s.,,,,
428,IHM-0428.JPG,Marteau à réflexe,Diagnostic,,40,,,20e s.,Bon,Sans marque,,
429,IHM-0429.JPG,Marteau à réflexe,Diagnostic,,40,,,20e s.,Bon,Sans marque,,
430,IHM-0430.JPG,Thermomètre,Diagnostic,,40,"Thermomètre rond en métal, gradué de 34 à 42 degrés Celsius, marqué “Cary”(déjà inventorié par Suzanne en 2008)",,20e s.,Bon,Cory Eisenhut Basel Swissmade,,
431,IHM-0431.JPG,Abaisse langue en corne,Diagnostic,,40,,,20e s.,Bon,Sans marque,,
433,IHM-0433.JPG,Dynamomètre,Diagnostic,,40,,,20e s.,Bon,Sans marque,,
434,IHM-0434.JPG,Marteau à réflexe,Diagnostic,,40,,,20e s.,Bon,Fabriquant à identifier,,
435,IHM-0435.JPG,Marteau à réflexe rétractable,Diagnostic,,40,,,20e s.,Bon,W. Margot & Cie,,
436,IHM-0436.JPG,Lot de deux abaisses-langue,Diagnostic,,40,,,20e s.,Bon,Bismocetine Lepetit,,
437,IHM-0437.JPG,Marteau à réflexe avec pinceau et aiguille,Diagnostic,,40,,,20e s.,Bon,Aesculap,,
438,IHM-0438.JPG,Abaisse-langue,Diagnostic,,40,,,20e s.,Bon,Margot & Jeannet Lausanne,,
439,IHM-0439.JPG,Abaisse-langue,Diagnostic,,40,,,20e s.,Bon,"Margot & Jeannet, Lausanne ",,
440,IHM-0440.JPG,Abaisse-langue,Diagnostic,,40,,,20e s.,Bon,Aesculap,,
441,IHM-0441.JPG,Abaisse-langue,Diagnostic,,40,,,20e s.,Bon,Aesculap,,
442,IHM-0442.JPG,Abaisse-langue,Diagnostic,,40,,,20e s.,Bon,Aesculap,,
443,IHM-0443.JPG,Abaisse-langue,Diagnostic,,40,,,20e s.,Bon,W. Margot & Cie,,
444,IHM-0444.JPG,Lot de trois abaisses-langue en verre,Diagnostic,,40,,,20e s.,Bon,Sans marque,,
445,IHM-0445.JPG,Thermomètre,Diagnostic,,40,,,20e s.,Bon,Sans marque,,
512,IHM-0512.JPG,Forceps,Obstétrique,Gynécologie,456,Le bois témoigne que cet instrument a été utilisé avant la généralisation de l’asepsie. Possiblement autour de 1800 ? Porte la marque Peter A Zurichhttp://www.aly-abbara.com/museum/medecine/pages_01/Tarnier/Forceps/forceps_historique.html,,Fin 18e s.,,,,
515,IHM-0515.JPG,Set de chirurgie de l’oeil,Ophtalmologie,Ophtalmologie,3015,Lüer à Paris. Urs Birschler estime qu’il s’agit d’un des objets les plus précieux de la collection.,,Fin 19e s.,,,,
516,IHM-0516.JPG,Pelvimètre,Obstétrique,,456,"Afin de mesurer l’écart entre le pubis et le bassin, afin de savoir si la femme est prête à accoucher. Urs Birschler estime cet instrument de 1500. Roxane Fuschetto estime quand à elle à plus tard la datation (cf. typo env. 1700)",,,Bon,,,
529,IHM-0529.JPG,Support à écarteurs auriculaires,ORL,,458,,,20e s.,Bon,,,
530,IHM-0530.JPG,Ecarteurs auriculaires,ORL,,458,,,20e s.,Bon,,,
531,IHM-0531.JPG,Ecarteurs auriculaires,ORL,,458,,,20e s.,Bon,,,
532,IHM-0532.JPG,Ecarteurs auriculaires,ORL,,458,,,20e s.,Bon,,,
533,IHM-0533.JPG,Lots d’ampoules d’éclaireurs frontaux,ORL,,458,,,20e s.,Bon,,,
534,IHM-0534.JPG,Eclaireur frontal,ORL,,458,,,20e s.,"Bon, la mousse se désintègre",,,
535,IHM-0535.JPG,Eclaireur frontal,ORL,,458,,,20e s.,"Bon, la mousse se désintègre",,,
536,IHM-0536.JPG,Eclaireur frontal,ORL,,458,,,20e s.,"Bon, la mousse se désintègre",,,
537,IHM-0537.JPG,Eclaireur frontal,ORL,,458,,,20e s.,"Bon, la mousse se désintègre",,,
538,IHM-0538.JPG,Eclaireur frontal,ORL,,458,,,20e s.,"Bon, la mousse se désintègre",,,
539,IHM-0539.JPG,Eclaireur frontal,ORL,,458,,,20e s.,"Bon, la mousse se désintègre",,,
540,IHM-0540.JPG,Lot de câble de pour éclaireur frontal,ORL,,458,,,20e s.,Bon,,,
567,IHM-0567.JPG,Miroir frontal,,ORL,458,,,20e s.,Bon,Sans marque,,
568,IHM-0568.JPG,Miroir frontal,,ORL,458,,,20e s.,Bon,Sans marque,,
569,IHM-0569.JPG,abaisse-langue (écarte bouche pour narcose),,ORL,458,,,20e s.,Bon,"Down Bros, London",,
570,IHM-0570.JPG,Abaisse-langue aspirateur de Le Mée,,ORL,458,,,20e s.,Bon,Sans marque,,
571,IHM-0571.JPG,Abaisse-langue,,ORL,458,,,20e s.,Bon,"Mayers and Phelps, London",,
572,IHM-0572.JPG,Abaisse-langue / aspire salive / écarte bouche pour narcose,,ORL,458,,,20e s.,Bon,Sans marque,,
573,IHM-0573.JPG,Miroir laryngien,,ORL,458,,,20e s.,Bon,Sans marque,,
574,IHM-0574.JPG,Lot de 4 abaisse-langue / écarteur,,ORL,458,,,20e s.,Bon,Storz-Rostfrei,,
575,IHM-0575.JPG,3 amygdalotomes,,ORL,458,,,20e s.,Bon,Sans marque,,
576,IHM-0576.JPG,ouvre-bouche,,ORL,458,,,20e s.,Bon,Sans marque,,
580,IHM-0580.JPG,Lunettes d’essai,Ophtalmologie,Ophtalmologie,3015,,,20e s.,bon,Oculus,,
581,IHM-0581.JPG,Ophtalmodynamomètre,Ophtalmologie,Ophtalmologie,3015,"Ophtalmodynamomètre avec une carte et des relevés manuscrits, dans une boîte.",,20e s.,bon,"Sydow, Berlin",,
582,IHM-0582.JPG,Scotomètre,Ophtalmologie,Ophtalmologie,3015,,,20e s.,bon,"Krahn, Hamburg",,
583,IHM-0583.JPG,Pince pour chirurgie de l’oeil,Ophtalmologie,Ophtalmologie,3015,Pince chirurgicale avec l’inscription “HERTL” à l’intérieur d’une des branches.,,20e s.,bon,Herlt,,
592,IHM-0592.jpg,Cire anatomique de l’abdomen,Anatomie,Anatomie,10,"Cire anatomique de l’abdomen, dans une vitrine.",,Première moitié du 20e s.,moyen (sale),"Tramond, Paris","cire, bois, verre, textile",
601,IHM-0601.JPG,Masque d’anesthésie (structure),Anesthésiologie,Anesthésiologie - Soins intensifs,46,Structure métallique pour masque d’anesthésie. Logo avec une tête d’aigle surmontant un M,,20e s.,,,,
602,IHM-0602.JPG,Chloraethyl Dr. Henning,Pharmacie,Pharmacie - Pharmacologie,160,"Chlorure d’éthyle pour anesthésie locale. Il me semble que sur le verso de l’étiquette (visible en transparence) on a la date de péremption (181172) il s’agirait donc d’un médicament produit autour de 1970. Le tout comprend: une bombonne (vide), une notice, et l’emballage.",,20e s.,,,,
603,IHM-0603.JPG,Seringue pour injection d’Irgapyrin,Pharmacie,Pharmacie - Pharmacologie,160,Seringue 5 ml dans son étui (cylindre métallique) avec gravure “irgapyrin”,,20e s.,,,,
605,IHM-0605.JPG,Stéthoscope monaural,Diagnostic,Médecine générale,40,Stéthoscope monaural en bois clair.,,20e s.,,,,
607,IHM-0607.JPG,Lot de fil à suturer,Chirurgie générale,,450,7 flacons contenant des bobines de fil à suturer (Dr. Vömel Original Nahtmaterial ),,20e s.,,,,
625,IHM-0625.JPG,5 instruments ORL (curettes et sondes),ORL,ORL,458,,,,,,,
633,IHM-0633.JPG,Amygdalotome,,ORL,458,,,,,Mathieu,,
636,IHM-0636.JPG,Spéculum (nez ou oreilles),,ORL,458,Dans une boîte rouge avec le nom du médecin Tscharner,,20e s.,,,,
637,IHM-0637.JPG,Stéthoscope,,,40,Stéthoscope dont il manque le tube caoutchouc.,,20e s.,,,,
638,IHM-0638.JPG,Aspire-salive,,,27,1ère femme dentiste de Bâle,,20e s.,,,,
639,IHM-0639.JPG,Aspire-salive,,,27,1ère femme dentiste de Bâle,,20e s.,,,,
640,IHM-0640.JPG,23 daviers divers,,,27,1ère femme dentiste de Bâle,,20e s.,,,,
641,IHM-0641.JPG,5 porte-empreinte,,,27,,,20e s.,,,,
642,IHM-0642.JPG,Ouvre-bouche,,,27,1ère femme dentiste Bâle,,,,,,
646,IHM-0646.JPG,Pipe de Ticchioni pour laryngectomisé,ORL,ORL,458,"Coffret rouge renfermant une pipe pour laryngectomisé avec chargeur, une chaînette, deux cure-pipes et deux embouts de rechange.Contient un mode d’emploi et une preuve d’achat.",,1979 (achat); 20e s.,bon,,,France
648,IHM-0648.JPG,Ophtalmoscope,Ophtalmologie,,3015,,,20e s.,,,,
649,IHM-0649.JPG,Boîte de coupes histologiques (pathologie),Laboratoire,,100,"Boîte de coupes histologiques, noire, marque Assistent.",,1966-1967 ; 20e s.,,,,
650,IHM-0650.JPG,Boîte de coupes histologiques (pathologie),Laboratoire,,100,"Boîte de coupes histologiques, noire, marque Assistent.",,1966-1967 ; 20e s.,,,,
651,IHM-0651.JPG,Boîte de coupes histologiques (physiologie),Laboratoire,,100,"Boîte de coupes histologiques verte, avec inscription à la main (Boîte 2 Eric)",,1966-1967 ; 20e s.,,,,
652,IHM-0652.JPG,Papier d’enregistrement pour électrocardiogramme (ECG),Diagnostic,,40,"Boîte contenant des papiers d’enregistrement pour ECG, plié en Z, 18m de long, largeur 32 mm, thermoréactif.",,20e s.,,"Schiller, Switzerland",,
653,IHM-0653.JPG,Boîte avec divers instruments de chirurgie,Chirurgie générale,,450,Boîte avec des instruments de chirurgie,,20e s.,,,,
655,IHM-0655.JPG,Guide d’électrocardiographie,,,3001,“Un ensemble représentatif d’électrocardiogrammes choisis pour aider le médecin dans l’identification de tracés s’écartant de la normale”,,20e s.,,Merck Sharp & Dohme,,
657,IHM-0657.JPG,Electrocardiogramme (ECG) portatif,,,3001,"appareil, raccordement électrique, bandes caoutchouc, explications manuscrites",,,,,,
663,IHM-0663.JPG,Tour dentaire à pédale,,,27,"Tour dentaire à pédale avec embout (cassé).Le mécanisme est actionné par un pédalier relié à un système de roue, poulie et courroie.L’objet est en moyen état de conservation. Il est sale, rouillé et relativement fragilisé, mais il permet encore d’appréhender le fonctionnement initial de ce type de dispositif.",Voir fiche fonds,Fin 19e s.,moyen,,,
664,IHM-0664.jpg,Audiomètre portatif ou babymètre (?),ORL,,458,"Audiomètre portatif dans sa sacoche, fonctionnant à piles. Il s’agit d’une petite caisse dotée de deux variateurs qui produisent du bruit blanc à plusieurs fréquences et intensités. Un écouteur est relié au dispositif, qui produit le bruit lorsqu’on appuie sur son bouton noir.Il porte la mention “audiomètre de dépistage précoce. Appareil breveté. VEIT-BIZAGUET-UBERSFELDPorte un N° d’inventaire CHUV: INV.85","Contrôle de l’adaptation de la prothèse auditive du jeune enfant sourd, avant l’acquisition du langage. P. Veit, G. Bizaguet, A. Ubersfeld, Paris, 1968",1968,moyen.,Philips,divers matériaux,
665,IHM-0665.jpg,Audiomètre,ORL,,458,Appareil avec deux molettes (heauring loss Db et Frequency Kc/s et un écran de contrôle (mA) qui peut être relié à un haut parleur.,,1960,moyen,Peters,,
666,IHM-0666.jpg,EPANAL UN,Pharmacie,,160,Echantillon médical gratuit d’Epanal Un. Tube métallique dans sa boîte en carton avec ordonnance. Contient 10 pastilles brunes.,Objet du mois février 2017,1957-1967,bon,"Laboratoires du Dr E. Bouchara, 8, Rue Pastourelle - Paris","carton, métal, papier, composé chimique (pastille)",
